Post URL,Comment
https://www.instagram.com/rozy.gram/p/Cq2ZIm5BOXq/,I love you
https://www.instagram.com/rozy.gram/p/Cq2ZIm5BOXq/,Adorable❤️
https://www.instagram.com/rozy.gram/p/Cq2ZIm5BOXq/,Hello you so cute 🥰 beautiful your from
https://www.instagram.com/rozy.gram/p/Cq2ZIm5BOXq/,❤️❤️❤️❤️❤️❤️
https://www.instagram.com/rozy.gram/p/Cq2ZIm5BOXq/,Miss universe 4ever 👑👸
https://www.instagram.com/rozy.gram/p/Ca3SYfIBLT_/,즐거운 하루 보내세요:) 잘 보고 갑니다!😄😄🤗
https://www.instagram.com/rozy.gram/p/Ca3SYfIBLT_/,Hyyy rozy😍
https://www.instagram.com/rozy.gram/p/Ca3SYfIBLT_/,🙌❤️
https://www.instagram.com/rozy.gram/p/Ca3SYfIBLT_/,😮😮😮😮😮😮
https://www.instagram.com/rozy.gram/p/Ca3SYfIBLT_/,I love you
https://www.instagram.com/rozy.gram/p/Ca3SYfIBLT_/,❤️ nice 💯
https://www.instagram.com/rozy.gram/p/CWknq6BB0dw/,Super model 🙌👏👏👏
https://www.instagram.com/rozy.gram/p/CWknq6BB0dw/,I love you my jaan
https://www.instagram.com/rozy.gram/p/CWknq6BB0dw/,Pubg girl😂
https://www.instagram.com/rozy.gram/p/CWknq6BB0dw/,❤️❤️
https://www.instagram.com/rozy.gram/p/CWknq6BB0dw/,Wow wooow 😍
https://www.instagram.com/rozy.gram/p/CWknq6BB0dw/,hot❤️
https://www.instagram.com/rozy.gram/p/CWknq6BB0dw/,are you robat?
https://www.instagram.com/rozy.gram/p/CWknq6BB0dw/,Verry nice so beautiful ❤️❤️❤️
https://www.instagram.com/rozy.gram/p/DKjU8ycSaCZ/,@dicap.ryeo Gorgeous
https://www.instagram.com/rozy.gram/p/DKjU8ycSaCZ/,Love it❤️❤️❤️❤️❤️
https://www.instagram.com/rozy.gram/p/DKjU8ycSaCZ/,⚡I think I just crashed… in love with this.
https://www.instagram.com/rozy.gram/p/DKjU8ycSaCZ/,So cute 😍❤️
https://www.instagram.com/rozy.gram/p/DKjU8ycSaCZ/,😍😍😍😍
https://www.instagram.com/rozy.gram/p/DKjU8ycSaCZ/,You look gorgeous.😍😍
https://www.instagram.com/rozy.gram/p/DKjU8ycSaCZ/,Beautiful 😍😍😍
https://www.instagram.com/rozy.gram/p/DKjU8ycSaCZ/,❤️❤️❤️osm pic
https://www.instagram.com/rozy.gram/p/DKjU8ycSaCZ/,6 days ago
https://www.instagram.com/rozy.gram/p/DKZAXVBywfG/,What a beautiful location 🙌😮
https://www.instagram.com/rozy.gram/p/DKZAXVBywfG/,"Wow, so cute 😍"
https://www.instagram.com/rozy.gram/p/DKZAXVBywfG/,로지예뻥
https://www.instagram.com/rozy.gram/p/DKZAXVBywfG/,❤️❤️❤️❤️👏
https://www.instagram.com/rozy.gram/p/DKZAXVBywfG/,😍😍😍
https://www.instagram.com/rozy.gram/p/DKZAXVBywfG/,Beautiful 🙌
https://www.instagram.com/rozy.gram/p/DKZAXVBywfG/,로지 오랜만👋
https://www.instagram.com/rozy.gram/p/DKZAXVBywfG/,❤️sweety❤️
https://www.instagram.com/rozy.gram/p/DKZAXVBywfG/,에버랜드 가고싶다 ㅠㅠ
https://www.instagram.com/rozy.gram/p/DKZAXVBywfG/,2 June
https://www.instagram.com/rozy.gram/p/DJgSZkpyy7C/,❤️❤️❤️❤️
https://www.instagram.com/rozy.gram/p/DJgSZkpyy7C/,❤️❤️
https://www.instagram.com/rozy.gram/p/DJgSZkpyy7C/,😍😍😍
https://www.instagram.com/rozy.gram/p/DJgSZkpyy7C/,"This hanbok shows that tradition still has so much to say… It’s powerful, beautiful, and truly modern. 너무 좋아요~! ❤️"
https://www.instagram.com/rozy.gram/p/DJgSZkpyy7C/,패션스타일 메이크업 이미테이션 콘텐즈컨셉이너무좋아요❤️❤️❤️
https://www.instagram.com/rozy.gram/p/DJgSZkpyy7C/,👏👏👏
https://www.instagram.com/rozy.gram/p/DJgSZkpyy7C/,😍❤️
https://www.instagram.com/rozy.gram/p/DJgSZkpyy7C/,11 May
https://www.instagram.com/rozy.gram/p/DJbZVWIyH-5/,🔥🔥🔥
https://www.instagram.com/rozy.gram/p/DJbZVWIyH-5/,❤️❤️
https://www.instagram.com/rozy.gram/p/DJbZVWIyH-5/,❤️❤️
https://www.instagram.com/rozy.gram/p/DJbZVWIyH-5/,Very beautiful
https://www.instagram.com/rozy.gram/p/DJbZVWIyH-5/,크👏👏👏👏
https://www.instagram.com/rozy.gram/p/DJbZVWIyH-5/,I first love you 💓
https://www.instagram.com/rozy.gram/p/DJbZVWIyH-5/,"오우르 by 금단제 X 로지전통 한복과 디지털 휴먼의 만남,과거와 현재, 전통과 디지털이 맞닿는 새로운 조우.따스한 봄날, 꽃이 피어나듯버추얼휴먼 로지의 새로운 탄생과 도약을 상징하며,한국 최초 버추얼휴먼으로서 ‘한복’을 향한 첫 발걸음을 내딛습니다."
https://www.instagram.com/rozy.gram/p/DJbZVWIyH-5/,9 May
https://www.instagram.com/rozy.gram/p/DI5xnDMy6HO/,😍😍😍❤️❤️❤️
https://www.instagram.com/rozy.gram/p/DI5xnDMy6HO/,Visually mind-blowing. And there’re so much details 😍
https://www.instagram.com/rozy.gram/p/DI5xnDMy6HO/,❤️👏
https://www.instagram.com/rozy.gram/p/DI5xnDMy6HO/,😍😍😍👏👏👏
https://www.instagram.com/rozy.gram/p/DI5xnDMy6HO/,Amazing❤️❤️❤️❤️❤️
https://www.instagram.com/rozy.gram/p/DI5xnDMy6HO/,❤️❤️❤️🔥❤️❤️❤️
https://www.instagram.com/rozy.gram/p/DI5xnDMy6HO/,❤️❤️❤️❤️
https://www.instagram.com/rozy.gram/p/DI5xnDMy6HO/,❤️❤️🔥
https://www.instagram.com/rozy.gram/p/DI5xnDMy6HO/,26 April
https://www.instagram.com/rozy.gram/p/DI0pmxqyx7h/,👏👏👏
https://www.instagram.com/rozy.gram/p/DI0pmxqyx7h/,"""None can replace me. I am the first, and the only."""
https://www.instagram.com/rozy.gram/p/DI0pmxqyx7h/,24 April
